City_ID,City,Country,Date,Lat,Lng,Max Temp,Humidity,Cloudiness,Wind Speed
0,Pasni,PK,2021-04-19 19:57:53,25.2631,63.471,81.37,63,36,15.9
1,Antalaha,MG,2021-04-19 19:57:54,-14.9003,50.2788,74.12,86,100,8.46
2,Barrow,US,2021-04-19 19:53:25,71.2906,-156.7887,24.8,80,90,19.57
3,Atuona,PF,2021-04-19 19:55:12,-9.8,-139.0333,79.7,80,23,18.97
4,Manga,BF,2021-04-19 19:57:54,11.6636,-1.0731,93.47,29,95,12.21
5,Sao Joao Da Barra,BR,2021-04-19 19:56:26,-21.6403,-41.0511,82.4,65,20,11.5
6,Hilo,US,2021-04-19 19:56:05,19.7297,-155.09,78.8,65,90,6.91
7,Ushuaia,AR,2021-04-19 19:54:11,-54.8,-68.3,44.6,87,75,4.61
8,Albany,US,2021-04-19 19:51:45,42.6001,-73.9662,59.0,49,100,4.63
9,Katsuura,JP,2021-04-19 19:54:22,35.1333,140.3,55.4,47,20,4.61
10,Hithadhoo,MV,2021-04-19 19:56:21,-0.6,73.0833,82.8,64,66,4.38
11,Khatanga,RU,2021-04-19 19:54:53,71.9667,102.5,-19.26,100,26,2.68
12,Mar Del Plata,AR,2021-04-19 19:55:34,-38.0023,-57.5575,75.2,53,0,14.97
13,Henties Bay,NA,2021-04-19 19:57:55,-22.116,14.2845,82.99,45,4,5.01
14,Port Alfred,ZA,2021-04-19 19:56:05,-33.5906,26.891,64.0,75,100,11.9
15,Saskylakh,RU,2021-04-19 19:52:08,71.9167,114.0833,-16.56,100,89,3.47
16,Xifeng,CN,2021-04-19 19:57:56,42.7372,124.7222,44.47,36,0,5.41
17,Beyla,GN,2021-04-19 19:57:56,8.6833,-8.6333,83.01,43,96,3.4
18,Vaini,TO,2021-04-19 19:56:20,-21.2,-175.2,75.2,94,75,5.75
19,Victoria,HK,2021-04-19 19:54:37,22.2855,114.1577,72.0,78,100,1.01
20,Hambantota,LK,2021-04-19 19:56:34,6.1241,81.1185,79.21,83,94,10.63
21,Bad Liebenwerda,DE,2021-04-19 19:57:56,51.5167,13.4,51.8,82,75,3.44
22,Souillac,MU,2021-04-19 19:56:12,-20.5167,57.5167,77.0,94,40,3.44
23,Airai,TL,2021-04-19 19:56:33,-8.9266,125.4092,56.97,85,70,1.28
24,Hobart,AU,2021-04-19 19:56:01,-42.8794,147.3294,53.01,93,75,10.36
25,Puerto Ayora,EC,2021-04-19 19:56:15,-0.7393,-90.3518,80.6,74,40,18.41
26,Kamaishi,JP,2021-04-19 19:57:57,39.2667,141.8833,47.23,82,5,8.68
27,Bluff,NZ,2021-04-19 19:56:23,-46.6,168.3333,51.01,79,0,5.99
28,Inzhavino,RU,2021-04-19 19:57:57,52.3185,42.4937,46.22,80,100,10.83
29,Saint George,US,2021-04-19 19:51:47,37.1041,-113.5841,77.0,11,4,1.01
30,Hamilton,US,2021-04-19 19:57:00,39.1834,-84.5333,68.0,32,75,13.8
31,Narsaq,GL,2021-04-19 19:56:51,60.9167,-46.05,42.8,36,75,8.05
32,Falam,MM,2021-04-19 19:57:58,22.9167,93.6833,58.37,56,0,3.27
33,Hermanus,ZA,2021-04-19 19:56:29,-34.4187,19.2345,62.01,82,95,11.01
34,Cidreira,BR,2021-04-19 19:54:54,-30.1811,-50.2056,71.67,66,73,11.61
35,Nantucket,US,2021-04-19 19:57:58,41.2835,-70.0995,57.2,58,1,12.66
36,Bubaque,GW,2021-04-19 19:57:59,11.2833,-15.8333,78.73,73,68,15.82
37,Esmeraldas,BR,2021-04-19 19:57:59,-19.7625,-44.3139,86.0,39,40,11.5
38,Jamestown,US,2021-04-19 19:54:53,42.097,-79.2353,61.0,35,75,10.36
39,Zhelyabovka,UA,2021-04-19 19:57:59,45.3988,34.7578,49.48,90,100,6.29
40,Colac,AU,2021-04-19 19:57:59,-38.3333,143.5833,54.0,95,8,11.25
41,Aykhal,RU,2021-04-19 19:58:00,66.0,111.5,-4.63,100,97,3.36
42,Kapaa,US,2021-04-19 19:56:08,22.0752,-159.319,78.8,65,1,5.75
43,Saint-Joseph,RE,2021-04-19 19:57:15,-21.3667,55.6167,75.2,94,75,3.44
44,Rikitea,PF,2021-04-19 19:56:12,-23.1203,-134.9692,77.85,72,0,10.02
45,Flinders,AU,2021-04-19 19:54:32,-34.5833,150.8552,51.01,80,0,1.01
46,Erdaojiang,CN,2021-04-19 19:58:00,41.7764,126.0319,43.92,36,0,3.06
47,Payakumbuh,ID,2021-04-19 19:53:14,-0.2202,100.6308,68.56,97,23,3.13
48,Ajaccio,FR,2021-04-19 19:58:01,42.0,8.9167,51.8,76,0,6.91
49,Mount Isa,AU,2021-04-19 19:56:29,-20.7333,139.5,71.6,33,11,6.91
50,Leningradskiy,RU,2021-04-19 19:53:14,69.3833,178.4167,15.75,83,2,3.87
51,Te Anau,NZ,2021-04-19 19:55:05,-45.4167,167.7167,46.96,92,12,3.02
52,Anuchino,RU,2021-04-19 19:58:01,43.9622,133.0544,39.51,42,60,13.15
53,Niamey,NE,2021-04-19 19:58:02,13.5137,2.1098,102.2,15,97,10.36
54,Busselton,AU,2021-04-19 19:56:09,-33.65,115.3333,54.0,98,66,7.87
55,Kruisfontein,ZA,2021-04-19 19:57:55,-34.0033,24.7314,59.0,92,100,1.01
56,New Norfolk,AU,2021-04-19 19:56:09,-42.7826,147.0587,53.01,71,100,1.99
57,Evanston,US,2021-04-19 19:58:02,42.0411,-87.6901,48.99,49,90,14.97
58,Scarborough,GB,2021-04-19 19:57:37,54.2797,-0.4044,45.0,88,0,5.99
59,Tuktoyaktuk,CA,2021-04-19 19:56:39,69.4541,-133.0374,23.0,93,40,6.91
60,Beringovskiy,RU,2021-04-19 19:58:03,63.05,179.3167,21.61,92,51,5.73
61,Punta Arenas,CL,2021-04-19 19:52:19,-53.15,-70.9167,53.6,58,20,18.41
62,Bethel,US,2021-04-19 19:51:25,41.3712,-73.414,59.0,47,90,17.27
63,Riyadh,SA,2021-04-19 19:57:32,24.6877,46.7219,84.2,15,0,6.91
64,Verkhnevilyuysk,RU,2021-04-19 19:58:03,63.4453,120.3167,-9.96,100,98,0.94
65,Biltine,TD,2021-04-19 19:58:03,14.5333,20.9167,88.72,7,43,5.48
66,Santander,ES,2021-04-19 19:55:59,43.4647,-3.8044,57.2,82,20,2.3
67,Sitka,US,2021-04-19 19:53:24,57.0531,-135.33,53.6,66,20,3.44
68,Trairi,BR,2021-04-19 19:56:17,-3.2778,-39.2689,79.18,81,92,4.76
69,Soldotna,US,2021-04-19 19:56:46,60.4878,-151.0583,52.0,49,1,6.91
70,Arraial Do Cabo,BR,2021-04-19 19:56:08,-22.9661,-42.0278,78.8,73,75,19.57
71,Clyde River,CA,2021-04-19 19:57:58,70.4692,-68.5914,8.6,85,20,20.71
72,Hami,CN,2021-04-19 19:58:04,42.8,93.45,63.54,17,100,6.53
73,Mehamn,NO,2021-04-19 19:57:50,71.0357,27.8492,42.8,52,0,8.05
74,Talnakh,RU,2021-04-19 19:55:14,69.4865,88.3972,-13.02,96,60,2.39
75,Limbang,MY,2021-04-19 19:58:05,4.75,115.0,77.0,100,75,3.44
76,Walvis Bay,NA,2021-04-19 19:58:05,-22.9575,14.5053,82.99,45,1,5.01
77,Dikson,RU,2021-04-19 19:56:06,73.5069,80.5464,-4.31,96,16,7.99
78,Xai-Xai,MZ,2021-04-19 19:58:05,-25.0519,33.6442,67.35,76,0,5.26
79,Torbay,CA,2021-04-19 19:56:17,47.6666,-52.7314,44.6,93,90,8.05
80,Statesboro,US,2021-04-19 19:58:06,32.4488,-81.7832,77.0,25,1,11.5
81,Ribeira Grande,PT,2021-04-19 19:56:12,38.5167,-28.7,64.4,88,40,11.5
82,Ouesso,CG,2021-04-19 19:58:06,1.6136,16.0517,74.08,80,94,0.96
83,Severo-Kurilsk,RU,2021-04-19 19:56:49,50.6789,156.125,37.08,94,100,14.58
84,Normandin,CA,2021-04-19 19:58:07,48.8333,-72.5321,57.2,41,23,2.3
85,Mataura,NZ,2021-04-19 19:56:01,-46.1927,168.8643,51.01,79,0,5.99
86,Georgetown,MY,2021-04-19 19:52:10,5.4112,100.3354,77.0,94,40,11.5
87,Srednekolymsk,RU,2021-04-19 19:56:50,67.45,153.6833,22.12,81,100,4.68
88,Krasnoarmeysk,RU,2021-04-19 19:58:07,51.0239,45.6969,45.0,63,100,8.99
89,Anahuac,MX,2021-04-19 19:58:08,27.2333,-100.15,69.8,37,20,6.91
90,Hukuntsi,BW,2021-04-19 19:58:08,-24.0,21.75,66.65,29,0,7.72
91,Conceicao Do Araguaia,BR,2021-04-19 19:58:08,-8.2578,-49.2647,84.2,65,20,4.61
92,Tiznit,MA,2021-04-19 19:58:08,29.5833,-9.5,66.92,48,48,4.14
93,Yellowknife,CA,2021-04-19 19:56:04,62.456,-114.3525,35.01,64,75,6.91
94,Sao Filipe,CV,2021-04-19 19:56:35,14.8961,-24.4956,74.41,71,49,13.82
95,Vestmannaeyjar,IS,2021-04-19 19:58:09,63.4427,-20.2734,38.59,57,94,24.2
96,Klaksvik,FO,2021-04-19 19:56:53,62.2266,-6.589,41.0,87,20,6.91
97,Tura,IN,2021-04-19 19:56:46,25.5198,90.2201,70.66,84,0,8.66
98,Sarankhola,BD,2021-04-19 19:58:09,22.3082,89.7897,79.34,86,39,8.9
99,Ballina,AU,2021-04-19 19:58:10,-28.8667,153.5667,57.0,100,2,5.01
100,Ghosi,IN,2021-04-19 19:58:10,26.1083,83.5436,84.78,14,0,6.85
101,Yar-Sale,RU,2021-04-19 19:58:10,66.8333,70.8333,26.65,96,100,14.29
102,Marawi,PH,2021-04-19 19:57:11,7.9986,124.2928,75.0,84,100,4.0
103,Syracuse,IT,2021-04-19 19:58:11,37.0881,15.2792,55.4,62,0,10.36
104,Ilulissat,GL,2021-04-19 19:55:06,69.2167,-51.1,17.6,49,75,8.05
105,Mvuma,ZW,2021-04-19 19:58:11,-19.2792,30.5283,54.99,68,8,7.74
106,Simpang,ID,2021-04-19 19:58:11,-1.2667,104.0833,73.98,94,29,0.45
107,Guerrero Negro,MX,2021-04-19 19:52:57,27.9769,-114.0611,79.9,26,0,14.61
108,Iquique,CL,2021-04-19 19:55:24,-20.2208,-70.1431,71.6,56,0,12.66
109,Banda Aceh,ID,2021-04-19 19:58:12,5.5577,95.3222,79.9,73,100,11.1
110,Hirara,JP,2021-04-19 19:58:12,24.8,125.2833,69.71,67,4,20.87
111,Qaanaaq,GL,2021-04-19 19:52:24,77.484,-69.3632,7.92,78,100,6.67
112,Mangochi,MW,2021-04-19 19:58:12,-14.4782,35.2645,68.77,81,88,4.21
113,Port Elizabeth,ZA,2021-04-19 19:51:46,-33.918,25.5701,59.0,94,75,1.14
114,Aasiaat,GL,2021-04-19 19:58:13,68.7098,-52.8699,16.99,76,92,11.86
115,Butaritari,KI,2021-04-19 19:56:11,3.0707,172.7902,83.05,75,91,13.71
116,Bengkulu,ID,2021-04-19 19:51:59,-3.8004,102.2655,75.76,87,67,3.18
117,Isiro,CD,2021-04-19 19:58:13,2.7739,27.616,69.24,88,100,1.12
118,Huarmey,PE,2021-04-19 19:58:13,-10.0681,-78.1522,74.08,71,100,10.87
119,Beloha,MG,2021-04-19 19:57:05,-25.1667,45.05,68.52,74,0,14.0
120,Ahipara,NZ,2021-04-19 19:57:08,-35.1667,173.1667,62.8,94,100,17.9
121,Sur,OM,2021-04-19 19:58:14,22.5667,59.5289,80.65,57,66,6.67
122,Kaitangata,NZ,2021-04-19 19:56:03,-46.2817,169.8464,48.99,72,1,3.0
123,Nizhniy Tsasuchey,RU,2021-04-19 19:58:14,50.5167,115.1333,36.48,29,13,13.56
124,Huilong,CN,2021-04-19 19:58:14,31.8111,121.655,57.0,67,0,11.99
125,Acajutla,SV,2021-04-19 19:54:31,13.5928,-89.8275,91.4,35,20,10.33
126,Mount Gambier,AU,2021-04-19 19:56:52,-37.8333,140.7667,51.8,100,75,11.5
127,Nenjiang,CN,2021-04-19 19:58:15,49.1833,125.2167,31.89,49,0,8.19
128,Cherskiy,RU,2021-04-19 19:51:31,68.75,161.3,20.77,82,90,7.85
129,Zyryanovsk,KZ,2021-04-19 19:58:15,49.7386,84.2719,28.9,95,100,3.67
130,Nikolskoye,RU,2021-04-19 19:51:02,59.7035,30.7861,42.8,42,0,6.71
131,Kamenka,RU,2021-04-19 19:58:16,51.3223,42.7678,50.0,74,100,9.86
132,Haines Junction,CA,2021-04-19 19:58:16,60.7522,-137.5108,42.8,42,15,3.44
133,Kismayo,SO,2021-04-19 19:56:41,-0.3582,42.5454,80.76,80,94,11.5
134,Mahebourg,MU,2021-04-19 19:56:00,-20.4081,57.7,77.0,94,40,3.44
135,Namibe,AO,2021-04-19 19:52:33,-15.1961,12.1522,81.46,73,6,5.21
136,Batagay-Alyta,RU,2021-04-19 19:58:17,67.8006,130.4114,-1.59,92,98,6.69
137,Caravelas,BR,2021-04-19 19:56:57,-17.7125,-39.2481,79.41,80,21,9.84
138,Kang,BW,2021-04-19 19:58:17,-23.6752,22.7876,64.51,31,2,3.62
139,Fayaoue,NC,2021-04-19 19:57:47,-20.65,166.5333,79.41,81,21,4.25
140,Umm Kaddadah,SD,2021-04-19 19:58:17,13.6017,26.6876,85.53,8,6,9.13
141,Barra Patuca,HN,2021-04-19 19:58:18,15.8,-84.2833,84.22,70,100,14.32
142,Ponta Do Sol,PT,2021-04-19 19:56:17,32.6667,-17.1,63.0,66,41,1.01
143,Bahia Honda,CU,2021-04-19 19:58:18,22.9036,-83.1592,87.26,59,74,5.48
144,Tiksi,RU,2021-04-19 19:56:44,71.6872,128.8694,-8.07,100,86,3.33
145,East London,ZA,2021-04-19 19:54:51,-33.0153,27.9116,65.26,76,100,6.8
146,Touros,BR,2021-04-19 19:58:18,-5.1989,-35.4608,84.2,70,20,13.8
147,Toma,BF,2021-04-19 19:58:19,12.7667,-2.8833,93.45,12,42,8.05
148,Staraya Mayna,RU,2021-04-19 19:58:19,54.6,48.95,41.0,45,100,8.95
149,Kibaya,TZ,2021-04-19 19:58:10,-5.3,36.5667,58.87,90,100,3.15
150,George,ZA,2021-04-19 19:54:56,-33.963,22.4617,57.2,88,90,19.57
151,Zalantun,CN,2021-04-19 19:58:19,48.0,122.7167,32.99,39,0,4.7
152,Nador,MA,2021-04-19 19:58:20,35.174,-2.9287,62.6,82,0,4.61
153,Santiago Del Estero,AR,2021-04-19 19:58:20,-27.7951,-64.2615,89.64,35,52,11.9
154,Krasnoturansk,RU,2021-04-19 19:58:20,54.3186,91.5639,24.8,58,40,8.95
155,Nouadhibou,MR,2021-04-19 19:57:01,20.931,-17.0347,68.0,77,0,21.85
156,Lagoa,PT,2021-04-19 19:53:03,39.05,-27.9833,62.31,83,99,6.02
157,Vanavara,RU,2021-04-19 19:56:53,60.34,102.2797,25.68,92,100,12.12
158,Trencin,SK,2021-04-19 19:58:21,48.8333,18.25,46.99,92,100,2.66
159,Chuy,UY,2021-04-19 19:57:07,-33.6971,-53.4616,69.4,66,0,9.98
160,Alta Floresta,BR,2021-04-19 19:58:21,-9.8756,-56.0861,86.0,62,20,6.91
161,Norman Wells,CA,2021-04-19 19:57:40,65.282,-126.8329,44.6,45,1,6.91
162,Pozo Colorado,PY,2021-04-19 19:58:21,-23.4923,-58.7972,91.09,22,0,5.35
163,Tuyen Quang,VN,2021-04-19 19:58:22,21.8233,105.2181,73.94,95,57,2.21
164,Pevek,RU,2021-04-19 19:57:54,69.7008,170.3133,10.92,86,22,7.58
165,Puerto Escondido,MX,2021-04-19 19:52:20,15.85,-97.0667,84.2,70,40,6.91
166,Palmer,US,2021-04-19 19:53:37,42.1584,-72.3287,64.0,34,90,8.05
167,Chokurdakh,RU,2021-04-19 19:56:14,70.6333,147.9167,13.17,88,100,10.07
168,Ust-Nera,RU,2021-04-19 19:58:22,64.5667,143.2,21.61,96,100,6.22
169,Morant Bay,JM,2021-04-19 19:58:23,17.8815,-76.4093,87.01,65,20,26.46
170,Saint-Michel-Des-Saints,CA,2021-04-19 19:58:23,46.6834,-73.9159,55.0,54,99,3.6
171,Nome,US,2021-04-19 19:55:04,64.5011,-165.4064,37.4,65,1,6.91
172,Asyut,EG,2021-04-19 19:58:23,27.181,31.1837,89.6,31,0,11.5
173,Cape Town,ZA,2021-04-19 19:56:08,-33.9258,18.4232,64.0,67,0,4.61
174,Carhuaz,PE,2021-04-19 19:58:24,-9.2819,-77.6447,64.06,71,97,4.7
175,Saquarema,BR,2021-04-19 19:58:24,-22.92,-42.5103,78.8,69,75,12.66
176,Yeppoon,AU,2021-04-19 19:56:58,-23.1333,150.7333,64.4,82,0,8.05
177,Krasnoselkup,RU,2021-04-19 19:58:24,65.7,82.4667,-10.97,100,46,5.37
178,Kailua,US,2021-04-19 19:56:26,21.4022,-157.7394,80.01,69,75,4.61
179,Kankan,GN,2021-04-19 19:58:24,10.3854,-9.3057,92.79,26,12,1.34
180,Oulu,FI,2021-04-19 19:58:25,65.0124,25.4682,41.0,52,0,2.3
181,Longyearbyen,SJ,2021-04-19 19:56:41,78.2186,15.6401,33.8,75,75,8.05
182,Boende,CD,2021-04-19 19:58:25,-0.2167,20.8667,70.9,98,100,1.14
183,Avarua,CK,2021-04-19 19:56:03,-21.2078,-159.775,78.8,73,58,6.91
184,Hualmay,PE,2021-04-19 19:56:30,-11.0964,-77.6139,73.13,71,64,10.45
185,Castro,BR,2021-04-19 19:51:07,-24.7911,-50.0119,64.49,75,28,5.48
186,Bredasdorp,ZA,2021-04-19 19:56:08,-34.5322,20.0403,57.2,94,98,18.41
187,Alofi,NU,2021-04-19 19:58:26,-19.0595,-169.9187,78.8,78,99,12.66
188,Mataruska Banja,RS,2021-04-19 19:58:26,43.6901,20.6109,46.4,100,75,1.14
189,Sigli,ID,2021-04-19 19:58:26,5.3848,95.9609,78.42,74,100,3.94
190,Port Hedland,AU,2021-04-19 19:56:31,-20.3167,118.5667,71.6,78,0,4.61
191,Lavrentiya,RU,2021-04-19 19:56:49,65.5833,-171.0,26.67,85,5,6.13
192,Lorengau,PG,2021-04-19 19:57:15,-2.0226,147.2712,81.27,77,98,7.25
193,San Patricio,US,2021-04-19 19:57:33,28.017,-97.5169,69.01,59,90,9.22
194,Galle,LK,2021-04-19 19:57:52,6.0367,80.217,80.56,80,58,7.54
195,Vardo,NO,2021-04-19 19:56:24,70.3705,31.1107,41.0,48,0,18.41
196,Black River,JM,2021-04-19 19:57:56,18.0264,-77.8487,86.0,70,20,19.57
197,Japura,ID,2021-04-19 19:58:27,-0.3167,102.35,73.58,97,58,0.29
198,Surovikino,RU,2021-04-19 19:57:21,48.6078,42.8486,53.15,91,100,4.92
199,Bathsheba,BB,2021-04-19 19:56:39,13.2167,-59.5167,84.2,51,20,21.85
200,Bauchi,NG,2021-04-19 19:58:27,10.5,10.0,84.92,19,63,3.67
201,Kavieng,PG,2021-04-19 19:57:21,-2.5744,150.7967,81.01,79,99,12.44
202,Thompson,CA,2021-04-19 19:55:32,55.7435,-97.8558,26.6,54,75,12.66
203,Havre,FR,2021-04-19 19:58:28,49.5833,0.3333,48.2,66,0,3.44
204,Waw,SS,2021-04-19 19:58:28,7.7029,27.9953,88.86,34,100,6.15
205,Harrisonville,US,2021-04-19 19:58:28,38.6533,-94.3488,60.8,48,1,12.66
206,Pafos,CY,2021-04-19 19:58:29,34.7667,32.4167,79.0,53,0,6.91
207,Vigrestad,NO,2021-04-19 19:58:29,58.5667,5.7,52.0,76,0,3.44
208,Kaohsiung,TW,2021-04-19 19:58:29,22.6163,120.3133,73.99,78,75,2.3
209,Somerset East,ZA,2021-04-19 19:58:30,-32.7217,25.588,54.16,93,100,10.22
210,Am Timan,TD,2021-04-19 19:54:09,11.0297,20.2827,92.95,18,27,2.19
211,Jambi,ID,2021-04-19 19:58:30,-1.6,103.6167,74.64,95,93,0.38
212,Kabala,SL,2021-04-19 19:58:30,9.5833,-11.55,78.8,70,99,4.65
213,San Juan,AR,2021-04-19 19:58:31,-31.5375,-68.5364,87.62,31,1,8.88
214,Bilma,NE,2021-04-19 19:56:22,18.6853,12.9164,90.46,7,0,8.1
215,Poladpur,IN,2021-04-19 19:58:31,17.9802,73.466,76.64,80,0,0.2
216,Buckeye,US,2021-04-19 19:55:48,33.3703,-112.5838,87.01,16,0,8.05
217,Esperance,AU,2021-04-19 19:56:09,-33.8667,121.9,55.4,94,75,9.78
218,Solnechnyy,RU,2021-04-19 19:58:31,50.7214,136.6319,27.12,62,100,15.35
219,Orange,US,2021-04-19 19:56:24,33.7,-117.7675,84.0,33,1,10.36
220,Ostrovnoy,RU,2021-04-19 19:58:32,68.0531,39.5131,35.92,95,80,17.47
221,Husavik,IS,2021-04-19 19:56:51,66.0449,-17.3389,41.0,48,40,12.66
222,Godda,IN,2021-04-19 19:58:32,24.8333,87.2167,82.18,12,0,3.36
223,Umea,SE,2021-04-19 19:58:32,63.8284,20.2597,37.4,75,0,2.3
224,Baykit,RU,2021-04-19 19:54:30,61.67,96.37,25.97,94,100,4.99
225,Maragogi,BR,2021-04-19 19:58:28,-9.0122,-35.2225,79.16,81,82,7.4
226,Kuytun,RU,2021-04-19 19:58:33,54.3419,101.5036,23.41,61,98,12.57
227,Zhuhai,CN,2021-04-19 19:58:33,22.2769,113.5678,73.4,73,40,14.97
228,La Orilla,MX,2021-04-19 19:58:33,17.9833,-102.2333,82.74,45,24,9.78
229,Sirari,TZ,2021-04-19 19:58:34,-1.2333,34.4333,63.52,87,100,5.75
230,Ripky,UA,2021-04-19 19:58:34,51.801,31.0838,42.08,91,25,7.14
231,Arlit,NE,2021-04-19 19:58:34,18.7369,7.3853,92.89,5,6,7.83
232,Tasiilaq,GL,2021-04-19 19:57:27,65.6145,-37.6368,24.8,74,20,12.66
233,Natchitoches,US,2021-04-19 19:58:35,31.7668,-93.1335,69.8,37,1,5.75
234,Coahuayana,MX,2021-04-19 19:58:16,18.7333,-103.6833,86.0,16,20,8.68
235,Bambous Virieux,MU,2021-04-19 19:51:49,-20.3428,57.7575,77.0,94,40,3.44
236,San Cristobal,VE,2021-04-19 19:54:03,7.7669,-72.225,95.0,28,40,23.02
237,Luau,AO,2021-04-19 19:58:35,-10.7073,22.2247,70.29,73,100,3.58
238,Rocha,UY,2021-04-19 19:58:35,-34.4833,-54.3333,67.17,74,0,10.25
239,Korla,CN,2021-04-19 19:58:36,41.7597,86.1469,62.62,38,100,6.51
240,Dandong,CN,2021-04-19 19:58:36,40.1292,124.3947,48.4,65,26,3.89
241,Barmer,IN,2021-04-19 19:58:36,25.75,71.3833,80.74,32,91,6.13
242,Hasaki,JP,2021-04-19 19:56:09,35.7333,140.8333,44.6,100,20,2.3
243,Hofn,IS,2021-04-19 19:56:49,64.2539,-15.2082,41.0,70,75,12.66
244,Grand-Santi,GF,2021-04-19 19:58:37,4.25,-54.3833,77.76,94,100,3.27
245,Bac Lieu,VN,2021-04-19 19:58:37,9.285,105.7244,80.96,80,99,8.14
246,Marystown,CA,2021-04-19 19:58:37,47.1666,-55.1483,37.29,96,100,8.14
247,Sosua,DO,2021-04-19 19:58:37,19.7667,-70.5167,93.2,49,40,9.22
248,Nanortalik,GL,2021-04-19 19:57:18,60.1432,-45.2371,33.69,73,100,9.33
249,Abha,SA,2021-04-19 19:58:38,18.2164,42.5053,64.4,44,20,6.91
250,Doume,CM,2021-04-19 19:58:38,4.2333,13.45,72.66,88,99,2.75
251,Ixtapa,MX,2021-04-19 19:58:38,20.7,-105.2,78.8,69,40,11.5
252,Brae,GB,2021-04-19 19:58:39,60.3964,-1.353,46.4,81,100,14.97
253,Jardim,BR,2021-04-19 19:56:07,-21.4803,-56.1381,92.62,22,3,2.66
254,Aklavik,CA,2021-04-19 19:56:46,68.2191,-135.0107,42.8,45,84,3.44
255,Carballo,ES,2021-04-19 19:58:39,43.213,-8.691,57.99,79,100,1.92
256,Komsomolskiy,UZ,2021-04-19 19:56:16,40.4272,71.7189,60.8,44,87,6.91
257,Maldonado,UY,2021-04-19 19:56:26,-34.6667,-54.9167,75.2,57,20,10.36
258,Ostersund,SE,2021-04-19 19:57:09,63.1792,14.6357,51.8,35,2,3.44
259,Vila Velha,BR,2021-04-19 19:57:10,-20.3297,-40.2925,80.01,88,75,10.36
260,Berbera,SO,2021-04-19 19:58:40,10.4396,45.0143,82.74,76,100,2.35
261,Lompoc,US,2021-04-19 19:54:37,34.6391,-120.4579,59.0,76,1,14.97
262,Chicama,PE,2021-04-19 19:58:40,-7.8447,-79.1469,68.0,83,20,12.66
263,Kodiak,US,2021-04-19 19:56:05,57.79,-152.4072,42.8,87,90,13.8
264,Alice Springs,AU,2021-04-19 19:56:40,-23.7,133.8833,42.8,65,1,6.91
265,Mogadishu,SO,2021-04-19 19:58:40,2.0371,45.3438,82.96,75,85,10.38
266,Egvekinot,RU,2021-04-19 19:58:25,66.3167,-179.1667,21.67,76,0,4.36
267,Saint-Pierre,RE,2021-04-19 19:56:48,-21.3393,55.4781,75.2,94,75,3.44
268,Luderitz,NA,2021-04-19 19:53:05,-26.6481,15.1594,70.48,63,85,11.21
269,Provideniya,RU,2021-04-19 19:56:07,64.3833,-173.3,28.4,64,0,6.71
270,Oga,IT,2021-04-19 19:58:41,46.4631,10.347,41.0,59,66,5.75
271,Lincoln,US,2021-04-19 19:54:46,40.8,-96.667,37.4,52,90,11.5
272,Hobyo,SO,2021-04-19 19:58:41,5.3505,48.5268,83.66,73,32,10.67
273,Skibbereen,IE,2021-04-19 19:58:42,51.55,-9.2667,46.4,93,75,5.75
274,Kruszwica,PL,2021-04-19 19:58:42,52.6756,18.3313,54.0,81,0,1.14
275,Callander,GB,2021-04-19 19:58:42,56.2441,-4.2164,50.0,66,100,5.75
276,Kharagpur,IN,2021-04-19 19:58:42,22.3333,87.3333,82.04,72,1,10.89
277,Baie-Comeau,CA,2021-04-19 19:58:43,49.2168,-68.1489,57.2,38,1,17.27
278,Stykkisholmur,IS,2021-04-19 19:58:43,65.0757,-22.7297,35.04,62,76,10.31
279,Altay,CN,2021-04-19 19:58:43,47.8667,88.1167,45.37,86,100,2.48
280,Pisco,PE,2021-04-19 19:55:00,-13.7,-76.2167,75.2,60,0,5.75
281,Thaton,MM,2021-04-19 19:58:44,16.9206,97.3714,79.81,79,7,3.18
282,Olafsvik,IS,2021-04-19 19:57:39,64.8945,-23.7142,36.16,59,66,16.55
283,Constitucion,CL,2021-04-19 19:56:24,-35.3333,-72.4167,61.95,79,57,9.04
284,Half Moon Bay,US,2021-04-19 19:58:37,37.4636,-122.4286,66.99,87,1,9.22
285,Mount Darwin,ZW,2021-04-19 19:58:44,-16.7725,31.5838,58.66,87,34,0.96
286,Aquiraz,BR,2021-04-19 19:54:05,-3.9014,-38.3911,84.0,78,75,5.75
287,Kindu,CD,2021-04-19 19:58:44,-2.95,25.95,70.92,98,100,1.54
288,Yarim,YE,2021-04-19 19:58:45,14.298,44.3779,57.4,41,68,4.79
289,Sotouboua,TG,2021-04-19 19:58:45,8.5667,0.9833,81.82,54,91,4.36
290,Ambilobe,MG,2021-04-19 19:57:04,-13.2,49.05,72.19,84,97,3.24
291,Iqaluit,CA,2021-04-19 19:56:31,63.7506,-68.5145,23.0,74,75,5.75
292,Muyezerskiy,RU,2021-04-19 19:58:46,63.9333,31.65,33.44,89,55,4.07
293,Ialibu,PG,2021-04-19 19:58:46,-6.2821,143.9935,53.37,94,98,2.91
294,Cabedelo,BR,2021-04-19 19:57:30,-6.9811,-34.8339,82.4,74,75,8.05
295,Utinga,BR,2021-04-19 19:58:46,-5.8172,-35.3954,84.2,70,20,13.8
296,Lenine,UA,2021-04-19 19:58:47,45.2986,35.7771,50.52,91,100,6.71
297,Edson,CA,2021-04-19 19:58:47,53.5835,-116.4356,41.0,42,75,2.3
298,Aitape,PG,2021-04-19 19:58:47,-3.1374,142.3475,75.97,80,99,3.49
299,Marienburg,PL,2021-04-19 19:58:47,54.0359,19.0266,48.0,100,56,1.03
300,Shira,RU,2021-04-19 19:58:48,54.4911,89.9531,16.7,56,32,9.42
301,Salto,UY,2021-04-19 19:58:48,-31.3833,-57.9667,81.0,50,20,8.05
302,Comodoro Rivadavia,AR,2021-04-19 19:53:57,-45.8667,-67.5,71.6,35,75,18.41
303,Dryden,CA,2021-04-19 19:58:48,49.7833,-92.7503,30.2,40,20,9.22
304,Lensk,RU,2021-04-19 19:58:49,60.7253,114.9278,19.27,74,100,12.62
305,Kalemie,CD,2021-04-19 19:58:49,-5.9475,29.1947,72.09,86,100,7.25
306,Tibiri,NE,2021-04-19 19:58:49,13.5627,7.0485,92.59,9,100,7.7
307,Margate,GB,2021-04-19 19:56:01,51.3813,1.3862,46.99,76,5,5.14
308,Kaeo,NZ,2021-04-19 19:57:56,-35.1,173.7833,63.0,95,100,7.0
309,Aleksandrovsk-Sakhalinskiy,RU,2021-04-19 19:58:50,50.8975,142.1561,31.41,98,100,8.86
310,Paamiut,GL,2021-04-19 19:58:10,61.994,-49.6678,32.43,88,100,12.62
311,Chapada Dos Guimaraes,BR,2021-04-19 19:58:50,-15.4606,-55.7497,89.6,48,40,2.3
312,Salekhard,RU,2021-04-19 19:57:58,66.53,66.6019,30.76,88,100,16.35
313,Tepalcingo,MX,2021-04-19 19:58:50,18.6,-98.85,95.0,12,1,8.05
314,Taiyuan,CN,2021-04-19 19:58:51,37.8694,112.5603,59.0,44,0,6.71
315,Cabo San Lucas,MX,2021-04-19 19:57:13,22.8909,-109.9124,86.0,47,1,6.91
316,Nevelsk,RU,2021-04-19 19:58:51,46.6733,141.8633,32.0,93,40,4.47
317,Northam,GB,2021-04-19 19:56:47,51.0333,-4.2167,48.99,76,100,1.88
318,Nishihara,JP,2021-04-19 19:58:21,26.1842,127.7558,64.4,72,20,4.61
319,Sinnamary,GF,2021-04-19 19:57:57,5.3833,-52.95,78.89,83,98,9.89
320,Zeya,RU,2021-04-19 19:58:51,53.75,127.2667,21.6,56,5,12.5
321,Cabinda,AO,2021-04-19 19:58:52,-5.55,12.2,77.13,92,100,8.66
322,Kamyaran,IR,2021-04-19 19:58:52,34.7956,46.9355,66.2,22,0,6.91
323,Lata,PT,2021-04-19 19:58:27,40.1629,-8.3327,60.8,82,75,6.91
324,Rio Do Sul,BR,2021-04-19 19:53:58,-27.2142,-49.6431,73.99,84,40,3.24
325,Tezu,IN,2021-04-19 19:58:52,27.9167,96.1667,70.59,48,85,4.21
326,Carnarvon,AU,2021-04-19 19:56:25,-24.8667,113.6333,73.18,56,0,23.31
327,Slave Lake,CA,2021-04-19 19:58:53,55.2834,-114.769,39.2,60,75,5.75
328,Veraval,IN,2021-04-19 19:58:53,20.9,70.3667,79.97,79,91,11.9
329,Darfo,IT,2021-04-19 19:58:53,45.8779,10.1812,54.0,99,98,4.29
330,Ndele,CF,2021-04-19 19:57:06,8.4109,20.6473,86.05,35,100,2.75
331,High Level,CA,2021-04-19 19:58:54,58.5169,-117.136,41.0,42,20,9.22
332,Tomigusuku,JP,2021-04-19 19:58:54,26.185,127.675,64.4,68,20,9.22
333,Uray,RU,2021-04-19 19:58:54,60.1247,64.7758,25.29,44,92,8.66
334,Loknya,RU,2021-04-19 19:58:55,56.83,30.1467,44.85,77,87,4.59
335,Rudsar,IR,2021-04-19 19:58:55,37.1376,50.288,60.8,88,0,4.65
336,Road Town,VG,2021-04-19 19:54:06,18.4167,-64.6167,84.2,65,40,6.91
337,Ulaangom,MN,2021-04-19 19:58:01,49.9811,92.0667,48.49,34,100,4.21
338,Lebu,CL,2021-04-19 19:54:54,-37.6167,-73.65,58.3,96,100,15.9
339,Camacha,PT,2021-04-19 19:56:25,33.0833,-16.3333,66.2,77,40,8.05
340,Lokosovo,RU,2021-04-19 19:58:56,61.1333,74.8167,8.28,91,50,6.42
341,Camocim,BR,2021-04-19 19:58:34,-2.9022,-40.8411,78.73,84,100,1.92
342,Palauig,PH,2021-04-19 19:58:56,15.435,119.9045,78.64,77,100,1.86
343,Kotagiri,IN,2021-04-19 19:58:56,11.4333,76.8833,80.6,83,40,6.91
344,Mulchen,CL,2021-04-19 19:58:57,-37.7167,-72.2333,69.8,60,75,13.8
345,Vila Franca Do Campo,PT,2021-04-19 19:57:50,37.7167,-25.4333,62.6,88,20,5.75
346,Juneau,US,2021-04-19 19:55:13,58.3019,-134.4197,55.4,38,20,3.44
347,Abilene,US,2021-04-19 19:57:40,32.4487,-99.7331,70.0,24,1,6.91
348,Songea,TZ,2021-04-19 19:58:57,-10.6833,35.65,66.2,88,40,4.61
349,Saint-Augustin,CA,2021-04-19 19:57:22,51.226,-58.6502,41.43,86,100,18.16
350,Great Yarmouth,GB,2021-04-19 19:58:57,52.6083,1.7305,46.4,76,5,5.75
351,Broken Hill,AU,2021-04-19 19:54:46,-31.95,141.4333,59.0,41,100,6.91
352,Santa Maria Da Vitoria,BR,2021-04-19 19:58:58,-13.3947,-44.1886,77.05,72,98,3.65
353,Tra Vinh,VN,2021-04-19 19:58:58,9.9347,106.3453,77.72,88,100,3.67
354,Flin Flon,CA,2021-04-19 19:58:58,54.7682,-101.865,28.4,64,75,13.8
355,Isangel,VU,2021-04-19 19:57:49,-19.55,169.2667,80.08,83,39,3.0
356,Marsaxlokk,MT,2021-04-19 19:58:59,35.8419,14.5431,57.0,71,0,16.11
357,Bereda,ES,2021-04-19 19:58:59,43.2686,-7.5406,53.01,79,99,5.99
358,Ahuimanu,US,2021-04-19 19:58:59,21.4447,-157.8378,80.01,69,75,4.61
359,Ruwi,OM,2021-04-19 19:58:59,23.5996,58.5507,77.0,69,0,1.14
360,Phu Ly,VN,2021-04-19 19:59:00,20.5411,105.9139,73.85,97,20,4.36
361,Faya,SA,2021-04-19 19:59:00,18.3851,42.4509,64.4,44,20,6.91
362,Lumeje,AO,2021-04-19 19:59:00,-11.55,20.7833,71.1,58,100,5.5
363,Kosh-Agach,RU,2021-04-19 19:58:44,50.0,88.6667,35.13,60,95,1.39
364,Gararu,BR,2021-04-19 19:59:01,-9.9675,-37.0833,82.42,70,86,9.1
365,Athabasca,CA,2021-04-19 19:59:01,54.7169,-113.2854,48.2,36,100,13.8
366,Daru,PG,2021-04-19 19:59:01,-9.0763,143.2092,76.19,92,98,8.28
367,Corn Island,NI,2021-04-19 19:59:01,12.1694,-83.0418,81.81,76,100,8.19
368,Makasar,ID,2021-04-19 19:59:02,-5.14,119.4221,75.2,100,20,2.3
369,Padang,ID,2021-04-19 19:54:16,-0.9492,100.3543,76.82,86,39,3.6
370,Port Hawkesbury,CA,2021-04-19 19:55:04,45.6169,-61.3485,42.01,100,90,17.27
371,Saint Anthony,US,2021-04-19 19:59:02,45.0205,-93.218,39.2,48,90,13.8
372,Sorland,NO,2021-04-19 19:56:21,67.667,12.6934,44.6,81,0,11.5
373,Tenenkou,ML,2021-04-19 19:59:02,14.4572,-4.9169,94.96,11,2,6.76
374,Kimbe,PG,2021-04-19 19:59:03,-5.5502,150.1429,76.33,91,89,3.02
375,Laguna,US,2021-04-19 19:56:56,38.421,-121.4238,80.01,37,1,5.75
376,Caohai,CN,2021-04-19 19:59:03,26.8661,104.2841,49.42,91,50,4.12
377,Kharp,RU,2021-04-19 19:59:03,66.8014,65.8081,29.61,92,100,11.88
378,Zima,RU,2021-04-19 19:59:04,53.9202,102.0442,25.27,58,84,10.04
379,Rajshahi,BD,2021-04-19 19:56:22,24.3667,88.6,79.23,41,0,6.8
380,Dutse,NG,2021-04-19 19:59:04,11.7594,9.3392,89.98,13,48,5.64
381,Ginda,IN,2021-04-19 19:59:04,30.6945,78.4932,51.89,28,6,9.19
382,Kamsack,CA,2021-04-19 19:59:05,51.5667,-101.9009,33.8,55,90,11.5
383,Boa Vista,BR,2021-04-19 19:58:57,2.8197,-60.6733,86.0,51,75,11.5
384,Kloulklubed,PW,2021-04-19 19:57:30,7.0419,134.2556,77.0,94,75,7.99
385,Grindavik,IS,2021-04-19 19:57:44,63.8424,-22.4338,35.6,75,75,21.85
386,South Lake Tahoe,US,2021-04-19 19:59:05,38.9332,-119.9844,69.8,25,1,4.61
387,Tuatapere,NZ,2021-04-19 19:53:10,-46.1333,167.6833,51.01,79,4,5.99
388,Itaituba,BR,2021-04-19 19:59:06,-4.2761,-55.9836,89.6,58,40,4.61
389,Deputatskiy,RU,2021-04-19 19:58:12,69.3,139.9,5.16,97,100,0.4
390,Bom Jesus Da Lapa,BR,2021-04-19 19:59:06,-13.255,-43.4181,72.5,88,100,5.1
391,Cranbrook,CA,2021-04-19 19:59:06,49.4999,-115.7688,42.8,42,75,3.44
392,Awash,ET,2021-04-19 19:59:06,8.9833,40.1667,76.37,42,47,4.23
393,Aksarka,RU,2021-04-19 19:58:43,66.5606,67.7975,29.75,89,100,17.02
394,Sistranda,NO,2021-04-19 19:59:07,63.7256,8.834,50.0,62,0,9.22
395,Upernavik,GL,2021-04-19 19:56:52,72.7868,-56.1549,9.93,76,26,7.0
396,Shahr-E Kord,IR,2021-04-19 19:59:07,32.3256,50.8644,61.77,30,27,1.66
397,Ladario,BR,2021-04-19 19:58:08,-19.0047,-57.6017,93.2,55,40,6.91
398,Horta,PT,2021-04-19 19:59:08,38.5333,-28.6333,64.4,88,40,11.5
399,Fort Myers Beach,US,2021-04-19 19:57:32,26.452,-81.9481,81.0,74,75,6.91
400,Axim,GH,2021-04-19 19:56:47,4.8699,-2.2405,80.98,82,96,6.78
401,Bela,IN,2021-04-19 19:59:08,25.9333,81.9833,84.87,14,0,3.38
402,Pangnirtung,CA,2021-04-19 19:57:42,66.1451,-65.7125,17.6,86,90,4.61
403,Meulaboh,ID,2021-04-19 19:59:08,4.1363,96.1285,75.96,81,100,3.47
404,Saint-Philippe,RE,2021-04-19 19:56:57,-21.3585,55.7679,75.2,94,75,3.44
405,Tahoua,NE,2021-04-19 19:59:09,14.8888,5.2692,100.4,16,0,2.3
406,Santarem,BR,2021-04-19 19:55:12,-2.4431,-54.7083,86.0,70,20,2.3
407,Fukue,JP,2021-04-19 19:58:45,32.6881,128.8419,59.49,56,0,9.08
408,Nuuk,GL,2021-04-19 19:59:09,64.1835,-51.7216,32.0,97,100,31.0
409,Havre-Saint-Pierre,CA,2021-04-19 19:59:10,50.2334,-63.5986,50.0,76,90,12.66
410,Killybegs,IE,2021-04-19 19:56:56,54.6333,-8.45,48.2,100,90,8.05
411,Alihe,CN,2021-04-19 19:59:10,50.5667,123.7167,23.4,53,0,3.51
412,Luan,CH,2021-04-19 19:59:10,46.3592,6.9759,53.6,40,40,5.75
413,Chimbote,PE,2021-04-19 19:54:48,-9.0853,-78.5783,72.66,73,87,9.73
414,Kichera,RU,2021-04-19 19:59:11,55.9375,110.0997,26.6,96,100,3.42
415,Pierre,US,2021-04-19 19:54:43,44.3683,-100.351,39.0,44,90,14.97
416,Pop,UZ,2021-04-19 19:59:11,40.8736,71.1089,60.8,44,100,6.91
417,Moosomin,CA,2021-04-19 19:59:11,50.1333,-101.6677,34.05,44,100,11.65
418,Wageningen,NL,2021-04-19 19:59:12,51.9667,5.6667,50.0,87,41,3.56
419,Huaicheng,CN,2021-04-19 19:59:12,23.9051,112.1931,64.67,97,100,1.68
420,Rawson,AR,2021-04-19 19:56:52,-43.3002,-65.1023,84.13,28,0,19.53
421,Tumbes,PE,2021-04-19 19:59:12,-3.5667,-80.4414,82.4,74,75,9.22
422,Chara,RU,2021-04-19 19:59:13,56.9064,118.2631,10.58,84,100,1.99
423,Muroto,JP,2021-04-19 19:58:07,33.2833,134.15,57.38,59,0,5.75
424,Kununurra,AU,2021-04-19 19:56:59,-15.7667,128.7333,62.6,94,15,5.21
425,Bria,CF,2021-04-19 19:53:05,6.5423,21.9863,75.61,72,100,4.45
426,Markova,UA,2021-04-19 19:59:13,48.6758,24.4138,42.42,93,100,2.73
427,Selma,US,2021-04-19 19:54:55,36.5708,-119.6121,84.99,18,20,4.61
428,Uhlove,UA,2021-04-19 19:59:13,44.8215,33.6045,50.0,75,100,3.13
429,Upington,ZA,2021-04-19 19:59:14,-28.4478,21.2561,71.6,28,46,4.61
430,Tigil,RU,2021-04-19 19:59:14,57.8,158.6667,36.81,62,100,22.7
431,Shiroishi,JP,2021-04-19 19:59:14,38.0033,140.6183,44.01,66,7,5.73
432,Matamoros,MX,2021-04-19 19:59:15,25.5333,-103.25,73.0,35,20,5.88
433,Cumana,VE,2021-04-19 19:59:15,10.4635,-64.1775,82.44,63,99,20.96
434,Timaru,NZ,2021-04-19 19:59:15,-44.4,171.25,51.01,63,26,5.23
435,Olga,RU,2021-04-19 19:59:15,43.7444,135.2892,42.62,45,3,22.32
436,Cassilandia,BR,2021-04-19 19:59:16,-19.1133,-51.7342,83.66,37,75,7.56
437,Datong,CN,2021-04-19 19:59:16,40.0936,113.2914,57.58,40,100,3.27
438,Anadyr,RU,2021-04-19 19:56:23,64.75,177.4833,8.6,85,20,2.24
439,Cayenne,GF,2021-04-19 19:56:37,4.9333,-52.3333,77.0,94,90,12.66
440,Itoman,JP,2021-04-19 19:56:40,26.1247,127.6694,64.4,68,20,9.22
441,Ban Nahin,LA,2021-04-19 19:59:16,18.2418,104.2122,73.42,82,10,1.1
442,Saint-Georges,GD,2021-04-19 19:59:17,12.0564,-61.7485,86.0,58,20,19.57
443,Whitehorse,CA,2021-04-19 19:59:17,60.7161,-135.0538,50.0,27,1,12.66
444,Uniao,BR,2021-04-19 19:59:17,-4.5858,-42.8642,82.4,74,0,5.75
445,Surgut,RU,2021-04-19 19:59:18,61.25,73.4167,10.4,79,0,6.71
446,At-Bashi,KG,2021-04-19 19:59:18,41.1702,75.8106,40.6,52,46,3.36
447,Sobolevo,RU,2021-04-19 19:57:41,54.4299,31.8996,44.4,85,93,8.93
448,Codrington,AU,2021-04-19 19:55:14,-38.2667,141.9667,54.52,84,35,12.82
449,Portland,US,2021-04-19 19:54:28,45.5234,-122.6762,72.0,30,40,14.97
450,Warrnambool,AU,2021-04-19 19:59:18,-38.3833,142.4833,57.0,85,71,5.99
451,Muros,ES,2021-04-19 19:59:19,42.7762,-9.0603,59.0,62,99,3.51
452,Mumford,GH,2021-04-19 19:59:19,5.2618,-0.759,81.48,80,93,8.23
453,Gigmoto,PH,2021-04-19 19:59:19,13.7796,124.39,78.24,92,100,31.12
454,Clermont,FR,2021-04-19 19:59:20,49.5,2.4167,48.2,71,0,5.75
455,Chumikan,RU,2021-04-19 19:59:20,54.7183,135.315,26.69,88,100,20.98
456,Dezful,IR,2021-04-19 19:58:36,32.3811,48.4058,81.77,20,30,1.88
457,Karapyshi,UA,2021-04-19 19:59:20,49.6424,30.79,45.95,73,100,3.62
458,Shingu,JP,2021-04-19 19:59:21,33.7333,135.9833,49.23,72,0,5.84
459,Valparaiso,CL,2021-04-19 19:59:21,-33.0393,-71.6273,59.0,100,90,9.22
460,Hattiesburg,US,2021-04-19 19:59:21,31.3271,-89.2903,72.0,30,1,10.36
461,Kandrian,PG,2021-04-19 19:59:21,-6.2167,149.55,77.97,85,98,3.76
462,Constantine,DZ,2021-04-19 19:58:21,36.365,6.6147,51.8,62,0,2.3
463,Nhulunbuy,AU,2021-04-19 19:55:18,-12.2333,136.7667,78.8,94,75,13.8
464,Derbent,RU,2021-04-19 19:59:22,42.0678,48.2899,57.51,70,100,4.16
465,San Carlos De Bariloche,AR,2021-04-19 19:59:22,-41.1456,-71.3082,57.2,88,75,11.5
466,North Branch,US,2021-04-19 19:59:22,45.5113,-92.9802,39.0,64,100,7.0
467,Wonthaggi,AU,2021-04-19 19:59:23,-38.6044,145.5913,61.0,68,90,16.44
468,Erenhot,CN,2021-04-19 19:59:23,43.6475,111.9767,48.67,33,46,7.52
469,Gat,IL,2021-04-19 19:57:01,31.61,34.7642,84.99,30,100,6.62
470,Sept-Iles,CA,2021-04-19 19:54:02,50.2001,-66.3821,50.0,46,75,4.61
471,Kalmunai,LK,2021-04-19 19:59:23,7.4167,81.8167,79.48,82,91,2.82
472,Mecca,SA,2021-04-19 19:56:05,21.4267,39.8261,87.1,34,6,2.71
473,Ust-Kut,RU,2021-04-19 19:59:24,56.7938,105.7672,22.86,79,100,15.66
474,Salmon Arm,CA,2021-04-19 19:59:24,50.6998,-119.3024,62.01,22,7,3.44
475,Mayo,US,2021-04-19 19:52:57,38.8876,-76.5119,60.01,76,1,8.05
476,Salalah,OM,2021-04-19 19:57:35,17.0151,54.0924,82.4,78,0,3.44
477,Clarence Town,AU,2021-04-19 19:57:05,-32.5833,151.7833,53.01,93,0,10.36
478,Boissevain,CA,2021-04-19 19:59:24,49.2306,-100.0559,36.0,40,90,16.11
479,Chuzhou,CN,2021-04-19 19:59:25,32.3219,118.2978,57.42,65,100,6.44
480,College,US,2021-04-19 19:59:25,64.8569,-147.8028,46.4,49,1,0.56
481,Los Llanos De Aridane,ES,2021-04-19 19:56:28,28.6585,-17.9182,68.0,73,20,16.11
482,Tukrah,LY,2021-04-19 19:59:25,32.5341,20.5791,59.23,65,95,12.24
483,Adrar,MR,2021-04-19 19:59:25,20.5022,-10.0711,83.98,7,1,4.12
484,Grandview,US,2021-04-19 19:59:26,38.8858,-94.533,53.6,62,20,6.91
485,Tual,ID,2021-04-19 19:59:26,-5.6667,132.75,79.45,83,100,13.71
486,Polovinnoye,RU,2021-04-19 19:59:26,54.7914,65.9864,27.03,50,6,3.87
487,Grao Mogol,BR,2021-04-19 19:59:27,-16.5594,-42.8897,73.38,72,64,1.52
488,Fort Morgan,US,2021-04-19 19:59:27,40.2503,-103.8,28.4,80,90,13.8
489,Lichinga,MZ,2021-04-19 19:57:54,-13.3128,35.2406,59.0,94,40,6.91
490,Tevaitoa,PF,2021-04-19 19:59:27,-16.7833,-151.5,82.27,72,5,11.56
491,Nemuro,JP,2021-04-19 19:59:28,43.3236,145.575,40.5,80,1,16.75
492,Zambezi,ZM,2021-04-19 19:59:28,-13.5432,23.1047,63.25,65,39,5.39
493,Puerto Del Rosario,ES,2021-04-19 19:59:28,28.5004,-13.8627,69.8,73,20,18.41
494,Tommot,RU,2021-04-19 19:59:28,58.9564,126.2925,-3.87,99,72,1.41
495,Pangoa,PE,2021-04-19 19:59:29,-12.1167,-73.0,78.1,83,67,1.32
496,Adiake,CI,2021-04-19 19:59:29,5.2863,-3.304,82.4,89,75,3.44
497,Kingman,US,2021-04-19 19:59:29,35.1894,-114.053,75.2,7,1,4.61
498,San Rafael,AR,2021-04-19 19:58:05,-34.6177,-68.3301,82.08,38,57,18.34
499,Huanren,CN,2021-04-19 19:57:04,41.2647,125.3667,45.3,41,2,3.22
500,Ayotzintepec,MX,2021-04-19 19:59:30,17.6667,-96.1333,90.14,45,58,4.99
501,Ati,TD,2021-04-19 19:54:49,13.2154,18.3353,90.34,8,10,7.11
502,Sartell,US,2021-04-19 19:56:21,45.6216,-94.2069,37.99,48,90,14.97
503,Sawtell,AU,2021-04-19 19:57:19,-30.3833,153.1,52.0,93,0,5.75
504,Ancud,CL,2021-04-19 19:56:46,-41.8697,-73.8203,55.99,82,75,2.3
505,Thakurgaon,BD,2021-04-19 19:59:30,26.0333,88.4667,76.86,48,0,7.23
506,Mandalgovi,MN,2021-04-19 19:59:30,45.7625,106.2708,44.35,38,0,7.76
507,Socorro,US,2021-04-19 19:59:31,31.6546,-106.3033,69.01,36,75,6.91
508,Kirakira,SB,2021-04-19 19:59:31,-10.4544,161.9205,81.14,82,41,7.67
509,Nakusp,CA,2021-04-19 19:59:31,50.2499,-117.8023,53.6,28,4,3.44
510,Zhezkazgan,KZ,2021-04-19 19:59:32,47.8043,67.7144,35.11,64,100,22.66
511,Faanui,PF,2021-04-19 19:56:34,-16.4833,-151.75,82.44,70,9,13.6
512,Prince George,CA,2021-04-19 19:55:58,53.9166,-122.753,53.01,31,1,3.44
513,Turukhansk,RU,2021-04-19 19:58:34,65.8167,87.9833,-3.17,97,13,7.74
514,Cefalu,IT,2021-04-19 19:59:32,38.0386,14.0229,54.0,72,7,3.0
515,Coquimbo,CL,2021-04-19 19:58:15,-29.9533,-71.3436,59.0,77,75,5.75
516,Yurga,RU,2021-04-19 19:59:32,55.7231,84.8861,15.78,84,40,8.43
517,North Platte,US,2021-04-19 19:58:18,41.1239,-100.7654,33.8,75,90,13.8
518,Port Lincoln,AU,2021-04-19 19:57:04,-34.7333,135.8667,60.48,81,5,15.75
519,Thinadhoo,MV,2021-04-19 19:58:24,0.5333,72.9333,82.76,61,98,5.03
520,Burns Lake,CA,2021-04-19 19:59:33,54.2331,-125.7533,50.0,29,7,4.61
521,Dukat,RU,2021-04-19 19:58:29,62.55,155.55,22.6,98,100,6.51
522,Sembe,CG,2021-04-19 19:59:33,1.6481,14.5806,73.56,83,88,0.85
523,Samarai,PG,2021-04-19 19:56:19,-10.6167,150.6667,81.73,79,97,10.33
524,Kathmandu,NP,2021-04-19 19:59:34,27.7167,85.3167,59.0,77,20,2.3
525,Sabzevar,IR,2021-04-19 19:59:34,36.2126,57.6819,65.75,36,2,5.17
526,Mackay,AU,2021-04-19 19:59:34,-21.15,149.2,77.0,73,90,12.66
527,Puri,IN,2021-04-19 19:59:34,19.8,85.85,82.4,89,40,9.22
528,Chimore,BO,2021-04-19 19:55:05,-16.9833,-65.1333,81.95,79,7,0.43
529,Berlevag,NO,2021-04-19 19:54:05,70.8578,29.0864,41.0,60,0,6.91
530,Garden City,US,2021-04-19 19:59:35,42.3256,-83.331,64.4,34,90,20.71
531,Ormara,PK,2021-04-19 19:58:02,25.2088,64.6357,83.01,61,100,8.03
532,Ures,MX,2021-04-19 19:59:35,29.4333,-110.4,84.99,14,0,5.01
533,Ola,RU,2021-04-19 19:59:35,59.5833,151.2833,32.52,89,100,28.99
534,Forio,IT,2021-04-19 19:59:36,40.7342,13.8646,55.0,77,3,1.99
535,Bykovo,RU,2021-04-19 19:59:36,55.6361,38.0803,46.4,42,0,11.18
536,Conde,BR,2021-04-19 19:57:39,-7.2597,-34.9075,82.4,74,75,8.05
537,Ahar,IR,2021-04-19 19:59:36,38.4774,47.0699,62.29,41,97,4.05
538,Geraldton,AU,2021-04-19 19:56:04,-28.7667,114.6,55.4,88,0,6.91
539,Quatre Cocos,MU,2021-04-19 19:57:27,-20.2078,57.7625,77.0,94,40,3.44
540,Talcahuano,CL,2021-04-19 19:57:53,-36.7167,-73.1167,60.8,82,90,16.11
541,Yingcheng,CN,2021-04-19 19:59:37,30.95,113.55,66.2,59,0,4.47
542,Saldanha,ZA,2021-04-19 19:55:04,-33.0117,17.9442,68.0,56,9,6.91
543,Zalesovo,RU,2021-04-19 19:59:37,53.9939,84.7431,16.7,86,24,6.17
544,Asau,RO,2021-04-19 19:59:37,46.4333,26.4,45.0,64,100,1.99
545,Batavia,US,2021-04-19 19:59:38,41.85,-88.3126,46.99,57,90,17.27
546,Pljevlja,ME,2021-04-19 19:59:38,43.3333,19.3333,37.4,100,90,1.14
547,Tupik,RU,2021-04-19 19:59:38,54.4253,119.9327,12.16,90,75,1.77
548,Qasigiannguit,GL,2021-04-19 19:59:39,68.8193,-51.1922,17.6,49,75,8.05
549,Neepawa,CA,2021-04-19 19:59:39,50.2289,-99.4664,35.6,38,90,17.27
550,Kholmogory,RU,2021-04-19 19:59:39,64.2229,41.656,30.2,69,0,2.24
551,Sayansk,RU,2021-04-19 19:59:39,54.1088,102.1648,23.49,61,88,10.13
552,Krapivinskiy,RU,2021-04-19 19:59:40,54.9992,86.8133,14.0,62,75,8.95
553,Baghdad,IQ,2021-04-19 19:59:17,33.3406,44.4009,84.2,28,0,9.22
554,Shimoda,JP,2021-04-19 19:59:40,34.6667,138.95,46.0,69,0,4.18
555,Mweka,CD,2021-04-19 19:59:40,-4.85,21.5667,69.62,98,100,2.06
556,Chaman,PK,2021-04-19 19:59:41,30.9236,66.4512,67.19,37,100,7.56
557,Nokaneng,BW,2021-04-19 19:59:41,-19.6667,22.2667,64.31,36,0,7.11
558,Colares,PT,2021-04-19 19:59:41,38.7992,-9.4469,63.0,82,40,8.05
559,Caceres,ES,2021-04-19 19:59:41,39.522,-6.3748,55.81,67,65,7.09
560,Verkhoyansk,RU,2021-04-19 19:58:27,67.5447,133.385,10.26,92,100,3.38
561,Salinas,US,2021-04-19 19:59:42,36.6777,-121.6555,60.01,67,20,8.05
562,Tarpon Springs,US,2021-04-19 19:59:42,28.1461,-82.7568,73.0,83,40,9.44
563,Sola,VU,2021-04-19 19:58:23,-13.8833,167.55,82.49,77,72,11.97
564,Yokadouma,CM,2021-04-19 19:59:43,3.5167,15.05,71.44,89,96,0.51
565,Brownwood,US,2021-04-19 19:59:12,31.7093,-98.9912,69.8,26,1,3.44
566,Viedma,AR,2021-04-19 19:57:36,-40.8135,-62.9967,83.75,43,36,22.21
567,Soverato,IT,2021-04-19 19:59:43,38.685,16.5499,51.8,87,40,5.75
568,Mwinilunga,ZM,2021-04-19 19:59:43,-11.7358,24.4293,65.93,67,93,4.45
569,Korcula,HR,2021-04-19 19:58:08,42.9622,17.1369,50.0,93,75,3.44
570,Tokur,RU,2021-04-19 19:59:44,53.1333,132.9,13.96,91,100,4.97
571,Sambava,MG,2021-04-19 19:59:44,-14.2667,50.1667,74.91,88,100,12.35
